"ID","Description","GeneRatio","BgRatio","RichFactor","FoldEnrichment","zScore","pvalue","p.adjust","qvalue","geneID","Count"
"R-HSA-1236394","Signaling by ERBB4","4/64","58/11091",0.0689655172413793,11.9515086206897,6.37042210695863,0.000338673339454708,0.0736564304248406,0.0695003776886832,"GABRB1/CXCL12/GFAP/APOE",4
"R-HSA-1251985","Nuclear signaling by ERBB4","3/64","32/11091",0.09375,16.24658203125,6.57985961280246,0.000806634970947326,0.0736564304248406,0.0695003776886832,"CXCL12/GFAP/APOE",3
"R-HSA-909733","Interferon alpha/beta signaling","4/64","77/11091",0.051948051948052,9.00243506493507,5.36811805328333,0.000995357167903252,0.0736564304248406,0.0695003776886832,"IFITM2/IFITM1/OAS1/IFI27",4
